user_id,meal_id,rating
1,1,4
1,2,3
1,3,3
1,4,1
1,5,2
1,6,3
1,7,5
1,8,5
1,9,2
1,10,1
1,11,2
1,12,3
1,13,5
1,14,2
1,15,5
1,16,2
1,17,5
1,18,1
1,19,4
1,20,5
1,21,3
1,22,5
1,23,4
1,24,4
1,25,5
1,26,4
1,27,2
1,28,1
1,29,4
1,30,5
1,31,2
1,32,1
1,33,1
1,34,1
1,35,2
1,36,1
1,37,4
1,38,2
1,39,5
1,40,2
1,41,3
1,42,4
1,43,5
1,44,4
1,45,2
1,46,4
1,47,2
1,48,2
1,49,1
1,50,4
2,1,4
2,2,5
2,3,3
2,4,5
2,5,3
2,6,1
2,7,3
2,8,1
2,9,2
2,10,3
2,11,4
2,12,2
2,13,3
2,14,1
2,15,1
2,16,2
2,17,1
2,18,5
2,19,3
2,20,1
2,21,3
2,22,4
2,23,1
2,24,5
2,25,5
2,26,5
2,27,3
2,28,2
2,29,2
2,30,3
2,31,2
2,32,4
2,33,4
2,34,3
2,35,3
2,36,3
2,37,4
2,38,1
2,39,5
2,40,3
2,41,2
2,42,1
2,43,4
2,44,3
2,45,3
2,46,1
2,47,2
2,48,5
2,49,5
2,50,1
3,1,4
3,2,5
3,3,3
3,4,1
3,5,4
3,6,3
3,7,5
3,8,5
3,9,1
3,10,3
3,11,1
3,12,5
3,13,2
3,14,5
3,15,3
3,16,2
3,17,3
3,18,3
3,19,2
3,20,3
3,21,2
3,22,5
3,23,3
3,24,3
3,25,2
3,26,1
3,27,4
3,28,4
3,29,5
3,30,3
3,31,4
3,32,2
3,33,3
3,34,2
3,35,5
3,36,3
3,37,3
3,38,3
3,39,1
3,40,4
3,41,5
3,42,4
3,43,3
3,44,4
3,45,5
3,46,1
3,47,3
3,48,1
3,49,4
3,50,2
4,1,2
4,2,5
4,3,5
4,4,4
4,5,3
4,6,4
4,7,2
4,8,3
4,9,3
4,10,4
4,11,5
4,12,2
4,13,3
4,14,2
4,15,4
4,16,4
4,17,3
4,18,3
4,19,4
4,20,3
4,21,5
4,22,3
4,23,5
4,24,1
4,25,1
4,26,2
4,27,3
4,28,5
4,29,5
4,30,3
4,31,4
4,32,4
4,33,4
4,34,1
4,35,4
4,36,5
4,37,3
4,38,3
4,39,2
4,40,4
4,41,4
4,42,1
4,43,1
4,44,5
4,45,2
4,46,4
4,47,1
4,48,5
4,49,2
4,50,2
5,1,4
5,2,5
5,3,4
5,4,2
5,5,5
5,6,1
5,7,4
5,8,1
5,9,2
5,10,2
5,11,4
5,12,2
5,13,5
5,14,2
5,15,5
5,16,1
5,17,4
5,18,2
5,19,2
5,20,5
5,21,3
5,22,3
5,23,3
5,24,2
5,25,1
5,26,4
5,27,3
5,28,1
5,29,5
5,30,1
5,31,5
5,32,2
5,33,3
5,34,2
5,35,4
5,36,2
5,37,1
5,38,3
5,39,5
5,40,5
5,41,5
5,42,2
5,43,5
5,44,4
5,45,2
5,46,3
5,47,3
5,48,5
5,49,2
5,50,2
6,1,4
6,2,2
6,3,4
6,4,2
6,5,3
6,6,4
6,7,2
6,8,1
6,9,1
6,10,1
6,11,3
6,12,5
6,13,5
6,14,5
6,15,5
6,16,4
6,17,5
6,18,2
6,19,1
6,20,1
6,21,2
6,22,1
6,23,2
6,24,5
6,25,1
6,26,5
6,27,1
6,28,3
6,29,1
6,30,2
6,31,2
6,32,4
6,33,5
6,34,2
6,35,1
6,36,1
6,37,4
6,38,3
6,39,4
6,40,5
6,41,3
6,42,5
6,43,2
6,44,4
6,45,3
6,46,5
6,47,5
6,48,4
6,49,3
6,50,3
7,1,1
7,2,2
7,3,5
7,4,3
7,5,3
7,6,5
7,7,3
7,8,5
7,9,1
7,10,3
7,11,2
7,12,5
7,13,3
7,14,5
7,15,3
7,16,4
7,17,4
7,18,2
7,19,2
7,20,5
7,21,3
7,22,1
7,23,1
7,24,4
7,25,1
7,26,1
7,27,4
7,28,5
7,29,5
7,30,3
7,31,5
7,32,5
7,33,2
7,34,3
7,35,4
7,36,2
7,37,4
7,38,4
7,39,3
7,40,4
7,41,1
7,42,4
7,43,4
7,44,4
7,45,4
7,46,1
7,47,3
7,48,1
7,49,4
7,50,4
8,1,5
8,2,5
8,3,1
8,4,5
8,5,3
8,6,2
8,7,1
8,8,3
8,9,3
8,10,4
8,11,5
8,12,4
8,13,4
8,14,2
8,15,3
8,16,3
8,17,2
8,18,4
8,19,1
8,20,2
8,21,1
8,22,5
8,23,5
8,24,5
8,25,1
8,26,3
8,27,3
8,28,3
8,29,1
8,30,3
8,31,3
8,32,2
8,33,2
8,34,1
8,35,2
8,36,1
8,37,5
8,38,3
8,39,3
8,40,3
8,41,1
8,42,5
8,43,1
8,44,4
8,45,3
8,46,1
8,47,1
8,48,3
8,49,2
8,50,2
9,1,3
9,2,3
9,3,4
9,4,5
9,5,2
9,6,1
9,7,5
9,8,1
9,9,5
9,10,4
9,11,2
9,12,3
9,13,3
9,14,1
9,15,4
9,16,4
9,17,3
9,18,5
9,19,2
9,20,2
9,21,3
9,22,1
9,23,5
9,24,4
9,25,5
9,26,4
9,27,3
9,28,4
9,29,5
9,30,4
9,31,3
9,32,4
9,33,4
9,34,1
9,35,4
9,36,3
9,37,2
9,38,5
9,39,5
9,40,3
9,41,3
9,42,3
9,43,3
9,44,2
9,45,4
9,46,3
9,47,4
9,48,3
9,49,3
9,50,5
10,1,3
10,2,3
10,3,5
10,4,4
10,5,5
10,6,5
10,7,5
10,8,1
10,9,5
10,10,1
10,11,2
10,12,4
10,13,4
10,14,3
10,15,2
10,16,5
10,17,4
10,18,4
10,19,5
10,20,3
10,21,1
10,22,3
10,23,3
10,24,3
10,25,3
10,26,2
10,27,3
10,28,4
10,29,2
10,30,2
10,31,2
10,32,3
10,33,3
10,34,4
10,35,5
10,36,4
10,37,5
10,38,1
10,39,4
10,40,4
10,41,3
10,42,1
10,43,4
10,44,2
10,45,2
10,46,5
10,47,1
10,48,2
10,49,5
10,50,4
11,1,2
11,2,3
11,3,1
11,4,3
11,5,1
11,6,3
11,7,3
11,8,2
11,9,5
11,10,4
11,11,1
11,12,5
11,13,4
11,14,4
11,15,5
11,16,3
11,17,5
11,18,2
11,19,4
11,20,5
11,21,3
11,22,2
11,23,4
11,24,1
11,25,4
11,26,5
11,27,4
11,28,5
11,29,2
11,30,2
11,31,2
11,32,1
11,33,2
11,34,4
11,35,1
11,36,4
11,37,4
11,38,4
11,39,2
11,40,2
11,41,1
11,42,5
11,43,3
11,44,4
11,45,5
11,46,3
11,47,2
11,48,5
11,49,5
11,50,3
12,1,5
12,2,3
12,3,1
12,4,1
12,5,3
12,6,1
12,7,5
12,8,3
12,9,1
12,10,5
12,11,5
12,12,2
12,13,5
12,14,3
12,15,3
12,16,1
12,17,5
12,18,5
12,19,2
12,20,1
12,21,3
12,22,2
12,23,3
12,24,5
12,25,4
12,26,1
12,27,1
12,28,1
12,29,1
12,30,4
12,31,3
12,32,2
12,33,1
12,34,3
12,35,2
12,36,3
12,37,3
12,38,1
12,39,3
12,40,2
12,41,1
12,42,2
12,43,1
12,44,5
12,45,5
12,46,3
12,47,2
12,48,4
12,49,5
12,50,3
13,1,3
13,2,4
13,3,3
13,4,4
13,5,2
13,6,3
13,7,4
13,8,5
13,9,5
13,10,4
13,11,5
13,12,1
13,13,1
13,14,1
13,15,4
13,16,2
13,17,2
13,18,2
13,19,1
13,20,4
13,21,2
13,22,5
13,23,4
13,24,4
13,25,3
13,26,3
13,27,5
13,28,4
13,29,2
13,30,3
13,31,2
13,32,2
13,33,5
13,34,4
13,35,1
13,36,5
13,37,4
13,38,4
13,39,5
13,40,1
13,41,2
13,42,4
13,43,2
13,44,3
13,45,3
13,46,2
13,47,3
13,48,3
13,49,3
13,50,3
14,1,3
14,2,3
14,3,3
14,4,5
14,5,4
14,6,5
14,7,5
14,8,3
14,9,2
14,10,4
14,11,1
14,12,3
14,13,5
14,14,1
14,15,4
14,16,5
14,17,4
14,18,3
14,19,2
14,20,3
14,21,1
14,22,1
14,23,3
14,24,3
14,25,2
14,26,5
14,27,2
14,28,4
14,29,2
14,30,1
14,31,3
14,32,2
14,33,1
14,34,3
14,35,5
14,36,4
14,37,5
14,38,2
14,39,4
14,40,4
14,41,5
14,42,2
14,43,3
14,44,3
14,45,5
14,46,2
14,47,2
14,48,4
14,49,5
14,50,1
15,1,3
15,2,1
15,3,5
15,4,1
15,5,3
15,6,1
15,7,4
15,8,3
15,9,3
15,10,4
15,11,3
15,12,4
15,13,5
15,14,2
15,15,4
15,16,5
15,17,2
15,18,1
15,19,2
15,20,5
15,21,5
15,22,4
15,23,4
15,24,3
15,25,4
15,26,5
15,27,4
15,28,1
15,29,3
15,30,2
15,31,4
15,32,4
15,33,4
15,34,3
15,35,3
15,36,1
15,37,5
15,38,2
15,39,3
15,40,2
15,41,2
15,42,4
15,43,2
15,44,2
15,45,2
15,46,3
15,47,4
15,48,3
15,49,3
15,50,1
16,1,1
16,2,5
16,3,1
16,4,1
16,5,3
16,6,4
16,7,3
16,8,1
16,9,2
16,10,4
16,11,3
16,12,4
16,13,3
16,14,5
16,15,4
16,16,5
16,17,3
16,18,2
16,19,2
16,20,3
16,21,3
16,22,2
16,23,2
16,24,4
16,25,4
16,26,2
16,27,4
16,28,4
16,29,2
16,30,1
16,31,3
16,32,3
16,33,3
16,34,2
16,35,1
16,36,5
16,37,5
16,38,3
16,39,3
16,40,1
16,41,2
16,42,4
16,43,1
16,44,5
16,45,1
16,46,2
16,47,5
16,48,2
16,49,2
16,50,1
17,1,1
17,2,2
17,3,4
17,4,3
17,5,5
17,6,2
17,7,1
17,8,4
17,9,3
17,10,3
17,11,1
17,12,2
17,13,1
17,14,4
17,15,3
17,16,3
17,17,4
17,18,5
17,19,4
17,20,5
17,21,2
17,22,4
17,23,4
17,24,2
17,25,4
17,26,1
17,27,3
17,28,4
17,29,2
17,30,1
17,31,4
17,32,2
17,33,2
17,34,5
17,35,4
17,36,1
17,37,2
17,38,3
17,39,5
17,40,5
17,41,5
17,42,3
17,43,1
17,44,4
17,45,2
17,46,5
17,47,5
17,48,4
17,49,1
17,50,2
18,1,1
18,2,3
18,3,4
18,4,3
18,5,3
18,6,5
18,7,3
18,8,2
18,9,4
18,10,5
18,11,5
18,12,4
18,13,1
18,14,1
18,15,2
18,16,3
18,17,1
18,18,5
18,19,3
18,20,3
18,21,4
18,22,2
18,23,5
18,24,3
18,25,4
18,26,3
18,27,3
18,28,3
18,29,1
18,30,1
18,31,5
18,32,4
18,33,1
18,34,4
18,35,3
18,36,4
18,37,4
18,38,2
18,39,5
18,40,2
18,41,4
18,42,4
18,43,4
18,44,2
18,45,4
18,46,1
18,47,3
18,48,4
18,49,1
18,50,2
19,1,2
19,2,4
19,3,5
19,4,5
19,5,2
19,6,2
19,7,4
19,8,3
19,9,5
19,10,1
19,11,1
19,12,3
19,13,4
19,14,1
19,15,2
19,16,4
19,17,4
19,18,2
19,19,4
19,20,5
19,21,3
19,22,3
19,23,2
19,24,5
19,25,1
19,26,2
19,27,3
19,28,3
19,29,4
19,30,4
19,31,3
19,32,2
19,33,4
19,34,5
19,35,4
19,36,5
19,37,3
19,38,2
19,39,1
19,40,1
19,41,4
19,42,5
19,43,2
19,44,4
19,45,2
19,46,3
19,47,1
19,48,4
19,49,3
19,50,1
20,1,2
20,2,1
20,3,1
20,4,5
20,5,5
20,6,2
20,7,2
20,8,4
20,9,4
20,10,4
20,11,1
20,12,1
20,13,1
20,14,4
20,15,2
20,16,3
20,17,4
20,18,4
20,19,2
20,20,1
20,21,2
20,22,2
20,23,2
20,24,1
20,25,2
20,26,2
20,27,4
20,28,1
20,29,1
20,30,1
20,31,1
20,32,3
20,33,4
20,34,5
20,35,4
20,36,4
20,37,5
20,38,5
20,39,2
20,40,5
20,41,4
20,42,1
20,43,1
20,44,1
20,45,1
20,46,4
20,47,2
20,48,4
20,49,4
20,50,1
21,1,5
21,2,2
21,3,2
21,4,3
21,5,2
21,6,4
21,7,5
21,8,2
21,9,3
21,10,5
21,11,3
21,12,4
21,13,1
21,14,2
21,15,3
21,16,4
21,17,4
21,18,3
21,19,2
21,20,5
21,21,5
21,22,4
21,23,4
21,24,1
21,25,1
21,26,4
21,27,4
21,28,5
21,29,2
21,30,2
21,31,4
21,32,3
21,33,4
21,34,1
21,35,3
21,36,1
21,37,1
21,38,1
21,39,5
21,40,5
21,41,1
21,42,2
21,43,3
21,44,1
21,45,2
21,46,4
21,47,3
21,48,4
21,49,3
21,50,4
22,1,2
22,2,4
22,3,3
22,4,5
22,5,5
22,6,2
22,7,1
22,8,1
22,9,3
22,10,5
22,11,3
22,12,3
22,13,4
22,14,5
22,15,3
22,16,4
22,17,2
22,18,2
22,19,2
22,20,4
22,21,3
22,22,3
22,23,1
22,24,5
22,25,4
22,26,3
22,27,1
22,28,4
22,29,1
22,30,3
22,31,5
22,32,5
22,33,1
22,34,3
22,35,5
22,36,4
22,37,1
22,38,2
22,39,5
22,40,5
22,41,4
22,42,5
22,43,4
22,44,4
22,45,2
22,46,4
22,47,5
22,48,5
22,49,5
22,50,4
23,1,2
23,2,1
23,3,1
23,4,5
23,5,2
23,6,5
23,7,1
23,8,5
23,9,5
23,10,2
23,11,4
23,12,1
23,13,1
23,14,1
23,15,2
23,16,3
23,17,2
23,18,2
23,19,2
23,20,2
23,21,5
23,22,1
23,23,2
23,24,3
23,25,5
23,26,1
23,27,3
23,28,4
23,29,4
23,30,3
23,31,4
23,32,4
23,33,4
23,34,3
23,35,2
23,36,5
23,37,1
23,38,1
23,39,5
23,40,5
23,41,2
23,42,3
23,43,2
23,44,1
23,45,2
23,46,5
23,47,2
23,48,1
23,49,1
23,50,4
24,1,4
24,2,1
24,3,4
24,4,4
24,5,1
24,6,2
24,7,5
24,8,5
24,9,1
24,10,3
24,11,3
24,12,5
24,13,5
24,14,2
24,15,2
24,16,4
24,17,4
24,18,4
24,19,5
24,20,3
24,21,5
24,22,2
24,23,4
24,24,2
24,25,3
24,26,4
24,27,3
24,28,3
24,29,5
24,30,4
24,31,5
24,32,1
24,33,5
24,34,4
24,35,3
24,36,3
24,37,2
24,38,2
24,39,1
24,40,4
24,41,1
24,42,5
24,43,4
24,44,3
24,45,1
24,46,1
24,47,4
24,48,1
24,49,2
24,50,4
25,1,3
25,2,2
25,3,5
25,4,2
25,5,1
25,6,5
25,7,3
25,8,4
25,9,1
25,10,1
25,11,1
25,12,3
25,13,2
25,14,3
25,15,1
25,16,1
25,17,3
25,18,1
25,19,5
25,20,4
25,21,3
25,22,5
25,23,4
25,24,5
25,25,4
25,26,4
25,27,5
25,28,2
25,29,4
25,30,2
25,31,2
25,32,5
25,33,5
25,34,3
25,35,5
25,36,4
25,37,2
25,38,2
25,39,2
25,40,1
25,41,3
25,42,5
25,43,4
25,44,1
25,45,1
25,46,2
25,47,4
25,48,1
25,49,1
25,50,3
26,1,5
26,2,5
26,3,1
26,4,4
26,5,1
26,6,2
26,7,5
26,8,2
26,9,1
26,10,3
26,11,2
26,12,2
26,13,3
26,14,1
26,15,5
26,16,4
26,17,3
26,18,3
26,19,1
26,20,2
26,21,5
26,22,3
26,23,1
26,24,5
26,25,1
26,26,5
26,27,4
26,28,3
26,29,5
26,30,1
26,31,4
26,32,1
26,33,5
26,34,1
26,35,2
26,36,5
26,37,5
26,38,2
26,39,1
26,40,4
26,41,2
26,42,3
26,43,3
26,44,1
26,45,4
26,46,3
26,47,3
26,48,2
26,49,2
26,50,4
27,1,4
27,2,2
27,3,2
27,4,2
27,5,4
27,6,2
27,7,5
27,8,1
27,9,2
27,10,2
27,11,1
27,12,2
27,13,2
27,14,2
27,15,1
27,16,4
27,17,4
27,18,1
27,19,4
27,20,4
27,21,4
27,22,4
27,23,3
27,24,2
27,25,1
27,26,2
27,27,1
27,28,1
27,29,5
27,30,5
27,31,1
27,32,4
27,33,1
27,34,1
27,35,4
27,36,2
27,37,2
27,38,1
27,39,1
27,40,3
27,41,4
27,42,1
27,43,4
27,44,1
27,45,3
27,46,1
27,47,1
27,48,4
27,49,1
27,50,4
28,1,5
28,2,4
28,3,4
28,4,1
28,5,4
28,6,5
28,7,1
28,8,3
28,9,5
28,10,5
28,11,4
28,12,3
28,13,2
28,14,5
28,15,4
28,16,1
28,17,2
28,18,1
28,19,3
28,20,4
28,21,5
28,22,2
28,23,1
28,24,4
28,25,4
28,26,5
28,27,1
28,28,2
28,29,3
28,30,2
28,31,3
28,32,5
28,33,3
28,34,2
28,35,1
28,36,4
28,37,2
28,38,2
28,39,4
28,40,5
28,41,4
28,42,4
28,43,1
28,44,3
28,45,4
28,46,2
28,47,1
28,48,5
28,49,2
28,50,5
29,1,1
29,2,2
29,3,3
29,4,3
29,5,2
29,6,3
29,7,4
29,8,4
29,9,5
29,10,1
29,11,2
29,12,3
29,13,4
29,14,4
29,15,1
29,16,3
29,17,4
29,18,2
29,19,3
29,20,1
29,21,1
29,22,1
29,23,1
29,24,4
29,25,4
29,26,3
29,27,3
29,28,1
29,29,2
29,30,4
29,31,2
29,32,5
29,33,2
29,34,1
29,35,1
29,36,2
29,37,2
29,38,1
29,39,3
29,40,2
29,41,1
29,42,3
29,43,3
29,44,2
29,45,1
29,46,2
29,47,1
29,48,2
29,49,3
29,50,4
30,1,3
30,2,5
30,3,3
30,4,3
30,5,3
30,6,5
30,7,3
30,8,4
30,9,4
30,10,3
30,11,2
30,12,4
30,13,2
30,14,5
30,15,2
30,16,4
30,17,3
30,18,2
30,19,2
30,20,2
30,21,4
30,22,5
30,23,1
30,24,1
30,25,4
30,26,5
30,27,4
30,28,4
30,29,2
30,30,1
30,31,3
30,32,2
30,33,3
30,34,5
30,35,1
30,36,2
30,37,3
30,38,1
30,39,1
30,40,1
30,41,1
30,42,3
30,43,2
30,44,2
30,45,1
30,46,3
30,47,3
30,48,1
30,49,3
30,50,3
31,1,2
31,2,4
31,3,3
31,4,5
31,5,3
31,6,3
31,7,1
31,8,3
31,9,5
31,10,4
31,11,4
31,12,3
31,13,2
31,14,1
31,15,1
31,16,3
31,17,4
31,18,3
31,19,2
31,20,2
31,21,2
31,22,4
31,23,1
31,24,4
31,25,5
31,26,5
31,27,5
31,28,4
31,29,5
31,30,1
31,31,1
31,32,1
31,33,4
31,34,2
31,35,4
31,36,2
31,37,4
31,38,1
31,39,1
31,40,4
31,41,4
31,42,5
31,43,1
31,44,3
31,45,1
31,46,1
31,47,3
31,48,2
31,49,2
31,50,5
32,1,5
32,2,1
32,3,5
32,4,3
32,5,3
32,6,1
32,7,1
32,8,3
32,9,2
32,10,5
32,11,4
32,12,4
32,13,3
32,14,1
32,15,5
32,16,1
32,17,2
32,18,1
32,19,5
32,20,2
32,21,2
32,22,3
32,23,1
32,24,1
32,25,5
32,26,1
32,27,2
32,28,1
32,29,3
32,30,2
32,31,1
32,32,4
32,33,2
32,34,5
32,35,3
32,36,4
32,37,2
32,38,4
32,39,5
32,40,2
32,41,3
32,42,4
32,43,5
32,44,3
32,45,4
32,46,4
32,47,2
32,48,4
32,49,1
32,50,4
33,1,4
33,2,3
33,3,5
33,4,3
33,5,3
33,6,5
33,7,1
33,8,1
33,9,5
33,10,5
33,11,2
33,12,4
33,13,1
33,14,2
33,15,1
33,16,5
33,17,3
33,18,1
33,19,2
33,20,3
33,21,3
33,22,4
33,23,2
33,24,1
33,25,3
33,26,5
33,27,5
33,28,2
33,29,3
33,30,3
33,31,2
33,32,2
33,33,1
33,34,3
33,35,1
33,36,3
33,37,4
33,38,1
33,39,3
33,40,2
33,41,1
33,42,5
33,43,2
33,44,2
33,45,5
33,46,3
33,47,4
33,48,1
33,49,2
33,50,5
34,1,3
34,2,2
34,3,2
34,4,4
34,5,4
34,6,5
34,7,3
34,8,2
34,9,2
34,10,5
34,11,5
34,12,4
34,13,2
34,14,5
34,15,3
34,16,1
34,17,1
34,18,5
34,19,2
34,20,3
34,21,4
34,22,3
34,23,4
34,24,4
34,25,3
34,26,1
34,27,2
34,28,2
34,29,5
34,30,1
34,31,5
34,32,4
34,33,1
34,34,1
34,35,4
34,36,4
34,37,5
34,38,4
34,39,1
34,40,2
34,41,2
34,42,1
34,43,3
34,44,1
34,45,2
34,46,4
34,47,3
34,48,2
34,49,5
34,50,2
35,1,5
35,2,1
35,3,5
35,4,5
35,5,3
35,6,1
35,7,1
35,8,4
35,9,3
35,10,5
35,11,5
35,12,1
35,13,4
35,14,1
35,15,5
35,16,5
35,17,4
35,18,2
35,19,4
35,20,3
35,21,1
35,22,5
35,23,5
35,24,5
35,25,2
35,26,2
35,27,4
35,28,4
35,29,2
35,30,2
35,31,5
35,32,4
35,33,1
35,34,5
35,35,1
35,36,2
35,37,1
35,38,4
35,39,5
35,40,5
35,41,5
35,42,5
35,43,4
35,44,5
35,45,3
35,46,1
35,47,1
35,48,2
35,49,5
35,50,3
36,1,1
36,2,4
36,3,5
36,4,4
36,5,5
36,6,3
36,7,4
36,8,3
36,9,2
36,10,1
36,11,1
36,12,4
36,13,3
36,14,2
36,15,1
36,16,2
36,17,5
36,18,1
36,19,5
36,20,4
36,21,5
36,22,3
36,23,1
36,24,1
36,25,5
36,26,5
36,27,1
36,28,2
36,29,1
36,30,4
36,31,4
36,32,1
36,33,3
36,34,4
36,35,5
36,36,3
36,37,3
36,38,2
36,39,2
36,40,4
36,41,3
36,42,1
36,43,2
36,44,3
36,45,5
36,46,2
36,47,5
36,48,3
36,49,4
36,50,3
37,1,5
37,2,2
37,3,3
37,4,1
37,5,4
37,6,5
37,7,4
37,8,4
37,9,1
37,10,1
37,11,2
37,12,5
37,13,1
37,14,1
37,15,4
37,16,3
37,17,5
37,18,1
37,19,3
37,20,1
37,21,5
37,22,1
37,23,4
37,24,4
37,25,2
37,26,5
37,27,4
37,28,5
37,29,5
37,30,5
37,31,3
37,32,5
37,33,4
37,34,2
37,35,2
37,36,2
37,37,5
37,38,4
37,39,5
37,40,2
37,41,4
37,42,5
37,43,1
37,44,3
37,45,3
37,46,1
37,47,3
37,48,1
37,49,4
37,50,5
38,1,3
38,2,2
38,3,1
38,4,2
38,5,5
38,6,5
38,7,5
38,8,4
38,9,1
38,10,3
38,11,4
38,12,4
38,13,4
38,14,4
38,15,4
38,16,5
38,17,4
38,18,2
38,19,5
38,20,1
38,21,4
38,22,3
38,23,3
38,24,3
38,25,3
38,26,5
38,27,4
38,28,2
38,29,5
38,30,1
38,31,3
38,32,5
38,33,5
38,34,5
38,35,5
38,36,4
38,37,1
38,38,2
38,39,4
38,40,5
38,41,4
38,42,1
38,43,4
38,44,3
38,45,3
38,46,1
38,47,1
38,48,5
38,49,2
38,50,5
39,1,4
39,2,3
39,3,2
39,4,2
39,5,5
39,6,3
39,7,1
39,8,2
39,9,1
39,10,2
39,11,3
39,12,1
39,13,4
39,14,1
39,15,1
39,16,4
39,17,4
39,18,5
39,19,1
39,20,2
39,21,5
39,22,4
39,23,4
39,24,4
39,25,2
39,26,2
39,27,5
39,28,3
39,29,1
39,30,1
39,31,2
39,32,4
39,33,2
39,34,1
39,35,1
39,36,3
39,37,1
39,38,2
39,39,1
39,40,4
39,41,1
39,42,1
39,43,5
39,44,1
39,45,2
39,46,2
39,47,2
39,48,1
39,49,5
39,50,1
40,1,2
40,2,5
40,3,1
40,4,1
40,5,3
40,6,5
40,7,4
40,8,2
40,9,4
40,10,2
40,11,3
40,12,2
40,13,2
40,14,3
40,15,1
40,16,5
40,17,3
40,18,1
40,19,2
40,20,3
40,21,2
40,22,5
40,23,3
40,24,5
40,25,1
40,26,4
40,27,1
40,28,3
40,29,2
40,30,4
40,31,4
40,32,1
40,33,4
40,34,3
40,35,1
40,36,1
40,37,2
40,38,5
40,39,3
40,40,5
40,41,1
40,42,2
40,43,3
40,44,3
40,45,1
40,46,5
40,47,4
40,48,1
40,49,5
40,50,4
41,1,2
41,2,1
41,3,4
41,4,5
41,5,3
41,6,2
41,7,1
41,8,2
41,9,1
41,10,5
41,11,5
41,12,1
41,13,3
41,14,5
41,15,4
41,16,4
41,17,5
41,18,3
41,19,2
41,20,2
41,21,2
41,22,5
41,23,4
41,24,4
41,25,1
41,26,4
41,27,5
41,28,5
41,29,4
41,30,2
41,31,5
41,32,1
41,33,1
41,34,1
41,35,1
41,36,2
41,37,2
41,38,2
41,39,2
41,40,4
41,41,2
41,42,5
41,43,4
41,44,3
41,45,4
41,46,5
41,47,5
41,48,3
41,49,1
41,50,2
42,1,2
42,2,5
42,3,4
42,4,2
42,5,5
42,6,3
42,7,3
42,8,3
42,9,3
42,10,4
42,11,1
42,12,3
42,13,4
42,14,5
42,15,3
42,16,4
42,17,4
42,18,1
42,19,3
42,20,5
42,21,1
42,22,4
42,23,1
42,24,5
42,25,2
42,26,2
42,27,5
42,28,3
42,29,2
42,30,4
42,31,4
42,32,5
42,33,2
42,34,4
42,35,4
42,36,3
42,37,1
42,38,3
42,39,1
42,40,1
42,41,1
42,42,1
42,43,4
42,44,3
42,45,2
42,46,5
42,47,2
42,48,3
42,49,3
42,50,1
43,1,4
43,2,4
43,3,5
43,4,5
43,5,1
43,6,1
43,7,1
43,8,5
43,9,1
43,10,3
43,11,4
43,12,1
43,13,5
43,14,2
43,15,5
43,16,3
43,17,4
43,18,2
43,19,5
43,20,1
43,21,5
43,22,2
43,23,3
43,24,2
43,25,3
43,26,5
43,27,1
43,28,2
43,29,1
43,30,5
43,31,3
43,32,4
43,33,1
43,34,1
43,35,3
43,36,1
43,37,4
43,38,3
43,39,4
43,40,1
43,41,5
43,42,4
43,43,5
43,44,1
43,45,2
43,46,2
43,47,1
43,48,4
43,49,5
43,50,4
44,1,1
44,2,3
44,3,5
44,4,4
44,5,2
44,6,5
44,7,4
44,8,5
44,9,3
44,10,1
44,11,1
44,12,1
44,13,5
44,14,5
44,15,5
44,16,5
44,17,1
44,18,1
44,19,3
44,20,1
44,21,3
44,22,2
44,23,3
44,24,3
44,25,2
44,26,1
44,27,5
44,28,5
44,29,3
44,30,1
44,31,4
44,32,3
44,33,1
44,34,1
44,35,5
44,36,5
44,37,2
44,38,4
44,39,5
44,40,3
44,41,2
44,42,5
44,43,1
44,44,4
44,45,2
44,46,2
44,47,4
44,48,2
44,49,5
44,50,1
45,1,2
45,2,4
45,3,3
45,4,2
45,5,5
45,6,5
45,7,4
45,8,2
45,9,4
45,10,5
45,11,4
45,12,1
45,13,3
45,14,1
45,15,5
45,16,1
45,17,2
45,18,4
45,19,4
45,20,3
45,21,1
45,22,4
45,23,1
45,24,5
45,25,2
45,26,2
45,27,3
45,28,2
45,29,4
45,30,4
45,31,4
45,32,2
45,33,5
45,34,5
45,35,3
45,36,5
45,37,3
45,38,2
45,39,2
45,40,3
45,41,3
45,42,2
45,43,3
45,44,3
45,45,5
45,46,3
45,47,5
45,48,5
45,49,5
45,50,3
46,1,2
46,2,4
46,3,5
46,4,3
46,5,3
46,6,2
46,7,5
46,8,3
46,9,3
46,10,5
46,11,2
46,12,5
46,13,4
46,14,1
46,15,1
46,16,4
46,17,2
46,18,2
46,19,5
46,20,1
46,21,3
46,22,3
46,23,1
46,24,2
46,25,3
46,26,2
46,27,3
46,28,2
46,29,2
46,30,1
46,31,5
46,32,5
46,33,5
46,34,5
46,35,3
46,36,1
46,37,1
46,38,1
46,39,2
46,40,5
46,41,1
46,42,5
46,43,1
46,44,1
46,45,5
46,46,3
46,47,1
46,48,4
46,49,5
46,50,1
47,1,5
47,2,5
47,3,2
47,4,5
47,5,4
47,6,4
47,7,1
47,8,2
47,9,3
47,10,5
47,11,1
47,12,2
47,13,4
47,14,5
47,15,1
47,16,3
47,17,4
47,18,1
47,19,2
47,20,3
47,21,4
47,22,2
47,23,1
47,24,3
47,25,5
47,26,2
47,27,1
47,28,3
47,29,4
47,30,4
47,31,1
47,32,3
47,33,2
47,34,5
47,35,4
47,36,5
47,37,3
47,38,2
47,39,5
47,40,5
47,41,5
47,42,3
47,43,1
47,44,2
47,45,5
47,46,3
47,47,4
47,48,1
47,49,3
47,50,5
48,1,1
48,2,3
48,3,1
48,4,1
48,5,4
48,6,2
48,7,1
48,8,4
48,9,4
48,10,3
48,11,2
48,12,5
48,13,5
48,14,4
48,15,2
48,16,1
48,17,5
48,18,2
48,19,3
48,20,2
48,21,4
48,22,3
48,23,2
48,24,1
48,25,2
48,26,4
48,27,1
48,28,2
48,29,5
48,30,1
48,31,1
48,32,3
48,33,3
48,34,1
48,35,3
48,36,5
48,37,2
48,38,3
48,39,1
48,40,1
48,41,4
48,42,1
48,43,5
48,44,5
48,45,1
48,46,2
48,47,2
48,48,5
48,49,5
48,50,3
49,1,5
49,2,1
49,3,5
49,4,2
49,5,2
49,6,5
49,7,2
49,8,1
49,9,2
49,10,1
49,11,3
49,12,3
49,13,4
49,14,5
49,15,4
49,16,5
49,17,5
49,18,2
49,19,1
49,20,1
49,21,1
49,22,1
49,23,4
49,24,4
49,25,4
49,26,1
49,27,3
49,28,2
49,29,5
49,30,1
49,31,3
49,32,5
49,33,1
49,34,3
49,35,2
49,36,4
49,37,2
49,38,4
49,39,1
49,40,5
49,41,3
49,42,5
49,43,2
49,44,3
49,45,2
49,46,3
49,47,4
49,48,4
49,49,2
49,50,2
50,1,4
50,2,3
50,3,1
50,4,3
50,5,2
50,6,3
50,7,3
50,8,1
50,9,5
50,10,4
50,11,2
50,12,4
50,13,5
50,14,5
50,15,1
50,16,5
50,17,4
50,18,1
50,19,2
50,20,2
50,21,4
50,22,4
50,23,2
50,24,3
50,25,5
50,26,4
50,27,1
50,28,5
50,29,1
50,30,5
50,31,4
50,32,4
50,33,4
50,34,2
50,35,2
50,36,4
50,37,2
50,38,5
50,39,2
50,40,5
50,41,2
50,42,1
50,43,5
50,44,5
50,45,1
50,46,4
50,47,4
50,48,3
50,49,3
50,50,1
51,1,2
51,2,5
51,3,4
51,4,5
51,5,2
51,6,3
51,7,3
51,8,1
51,9,3
51,10,4
51,11,4
51,12,5
51,13,3
51,14,5
51,15,3
51,16,1
51,17,5
51,18,5
51,19,2
51,20,4
51,21,4
51,22,3
51,23,1
51,24,2
51,25,5
51,26,1
51,27,2
51,28,1
51,29,3
51,30,3
51,31,4
51,32,2
51,33,1
51,34,5
51,35,2
51,36,1
51,37,5
51,38,5
51,39,5
51,40,2
51,41,2
51,42,1
51,43,4
51,44,1
51,45,2
51,46,2
51,47,5
51,48,4
51,49,2
51,50,4
52,1,5
52,2,2
52,3,4
52,4,5
52,5,1
52,6,3
52,7,5
52,8,3
52,9,3
52,10,2
52,11,1
52,12,1
52,13,1
52,14,2
52,15,2
52,16,1
52,17,1
52,18,4
52,19,5
52,20,2
52,21,2
52,22,3
52,23,5
52,24,4
52,25,5
52,26,3
52,27,3
52,28,1
52,29,3
52,30,4
52,31,5
52,32,4
52,33,4
52,34,1
52,35,4
52,36,5
52,37,5
52,38,2
52,39,2
52,40,3
52,41,1
52,42,1
52,43,2
52,44,1
52,45,5
52,46,5
52,47,5
52,48,3
52,49,2
52,50,4
53,1,1
53,2,1
53,3,1
53,4,4
53,5,2
53,6,5
53,7,4
53,8,3
53,9,3
53,10,1
53,11,3
53,12,1
53,13,4
53,14,1
53,15,1
53,16,4
53,17,2
53,18,1
53,19,4
53,20,2
53,21,1
53,22,3
53,23,5
53,24,4
53,25,2
53,26,2
53,27,1
53,28,3
53,29,3
53,30,4
53,31,5
53,32,4
53,33,2
53,34,5
53,35,5
53,36,4
53,37,2
53,38,5
53,39,2
53,40,1
53,41,4
53,42,4
53,43,4
53,44,2
53,45,1
53,46,1
53,47,2
53,48,1
53,49,3
53,50,4
54,1,5
54,2,1
54,3,1
54,4,5
54,5,1
54,6,2
54,7,1
54,8,1
54,9,5
54,10,4
54,11,5
54,12,2
54,13,3
54,14,3
54,15,1
54,16,5
54,17,3
54,18,3
54,19,1
54,20,5
54,21,5
54,22,3
54,23,4
54,24,5
54,25,1
54,26,1
54,27,4
54,28,5
54,29,2
54,30,2
54,31,4
54,32,1
54,33,5
54,34,1
54,35,5
54,36,3
54,37,2
54,38,1
54,39,4
54,40,5
54,41,4
54,42,3
54,43,4
54,44,4
54,45,2
54,46,5
54,47,3
54,48,5
54,49,4
54,50,4
55,1,2
55,2,5
55,3,2
55,4,3
55,5,5
55,6,4
55,7,1
55,8,3
55,9,1
55,10,5
55,11,4
55,12,5
55,13,4
55,14,3
55,15,2
55,16,2
55,17,3
55,18,5
55,19,2
55,20,2
55,21,2
55,22,3
55,23,2
55,24,4
55,25,1
55,26,4
55,27,1
55,28,1
55,29,3
55,30,1
55,31,4
55,32,5
55,33,3
55,34,1
55,35,1
55,36,5
55,37,3
55,38,2
55,39,4
55,40,4
55,41,2
55,42,1
55,43,3
55,44,3
55,45,3
55,46,2
55,47,4
55,48,3
55,49,2
55,50,5
56,1,2
56,2,3
56,3,3
56,4,3
56,5,4
56,6,4
56,7,3
56,8,2
56,9,5
56,10,2
56,11,4
56,12,4
56,13,2
56,14,2
56,15,4
56,16,1
56,17,5
56,18,3
56,19,3
56,20,2
56,21,3
56,22,4
56,23,2
56,24,3
56,25,3
56,26,3
56,27,1
56,28,3
56,29,3
56,30,2
56,31,3
56,32,3
56,33,4
56,34,5
56,35,2
56,36,1
56,37,4
56,38,2
56,39,2
56,40,3
56,41,3
56,42,3
56,43,5
56,44,3
56,45,1
56,46,2
56,47,1
56,48,5
56,49,1
56,50,5
57,1,3
57,2,3
57,3,1
57,4,5
57,5,5
57,6,2
57,7,1
57,8,3
57,9,1
57,10,5
57,11,2
57,12,5
57,13,3
57,14,2
57,15,1
57,16,4
57,17,2
57,18,1
57,19,1
57,20,3
57,21,5
57,22,3
57,23,2
57,24,4
57,25,5
57,26,3
57,27,2
57,28,5
57,29,4
57,30,3
57,31,4
57,32,2
57,33,5
57,34,4
57,35,2
57,36,5
57,37,3
57,38,2
57,39,1
57,40,3
57,41,5
57,42,1
57,43,2
57,44,3
57,45,2
57,46,3
57,47,3
57,48,5
57,49,5
57,50,5
58,1,5
58,2,4
58,3,5
58,4,4
58,5,2
58,6,1
58,7,5
58,8,2
58,9,5
58,10,4
58,11,2
58,12,4
58,13,2
58,14,5
58,15,3
58,16,1
58,17,1
58,18,2
58,19,2
58,20,2
58,21,1
58,22,2
58,23,4
58,24,5
58,25,4
58,26,1
58,27,1
58,28,1
58,29,1
58,30,2
58,31,1
58,32,4
58,33,5
58,34,3
58,35,3
58,36,1
58,37,1
58,38,4
58,39,2
58,40,1
58,41,4
58,42,5
58,43,1
58,44,4
58,45,3
58,46,5
58,47,4
58,48,2
58,49,4
58,50,4
59,1,5
59,2,4
59,3,1
59,4,4
59,5,1
59,6,4
59,7,3
59,8,5
59,9,4
59,10,4
59,11,1
59,12,1
59,13,5
59,14,1
59,15,4
59,16,2
59,17,1
59,18,4
59,19,1
59,20,2
59,21,2
59,22,1
59,23,5
59,24,4
59,25,1
59,26,4
59,27,2
59,28,2
59,29,2
59,30,4
59,31,4
59,32,1
59,33,4
59,34,2
59,35,2
59,36,1
59,37,1
59,38,1
59,39,1
59,40,4
59,41,3
59,42,5
59,43,5
59,44,3
59,45,2
59,46,5
59,47,1
59,48,3
59,49,4
59,50,1
60,1,3
60,2,1
60,3,4
60,4,1
60,5,4
60,6,5
60,7,5
60,8,2
60,9,3
60,10,5
60,11,2
60,12,4
60,13,4
60,14,4
60,15,4
60,16,3
60,17,1
60,18,3
60,19,1
60,20,2
60,21,1
60,22,1
60,23,5
60,24,4
60,25,1
60,26,3
60,27,1
60,28,5
60,29,1
60,30,3
60,31,4
60,32,4
60,33,2
60,34,2
60,35,5
60,36,5
60,37,2
60,38,3
60,39,4
60,40,4
60,41,2
60,42,2
60,43,1
60,44,3
60,45,2
60,46,1
60,47,2
60,48,5
60,49,1
60,50,1
61,1,5
61,2,1
61,3,2
61,4,1
61,5,1
61,6,4
61,7,3
61,8,2
61,9,1
61,10,4
61,11,5
61,12,5
61,13,3
61,14,4
61,15,5
61,16,5
61,17,5
61,18,4
61,19,3
61,20,2
61,21,5
61,22,5
61,23,5
61,24,5
61,25,4
61,26,4
61,27,4
61,28,2
61,29,5
61,30,2
61,31,1
61,32,2
61,33,1
61,34,1
61,35,4
61,36,2
61,37,4
61,38,4
61,39,2
61,40,2
61,41,2
61,42,5
61,43,1
61,44,1
61,45,3
61,46,3
61,47,5
61,48,4
61,49,4
61,50,4
62,1,5
62,2,3
62,3,1
62,4,4
62,5,1
62,6,4
62,7,5
62,8,1
62,9,1
62,10,3
62,11,2
62,12,5
62,13,1
62,14,2
62,15,3
62,16,3
62,17,1
62,18,5
62,19,2
62,20,5
62,21,4
62,22,4
62,23,4
62,24,4
62,25,2
62,26,2
62,27,1
62,28,1
62,29,2
62,30,4
62,31,3
62,32,4
62,33,2
62,34,5
62,35,3
62,36,5
62,37,3
62,38,3
62,39,3
62,40,3
62,41,5
62,42,3
62,43,1
62,44,2
62,45,4
62,46,3
62,47,5
62,48,2
62,49,5
62,50,1
63,1,3
63,2,2
63,3,5
63,4,5
63,5,2
63,6,3
63,7,3
63,8,2
63,9,2
63,10,3
63,11,3
63,12,3
63,13,2
63,14,3
63,15,5
63,16,1
63,17,1
63,18,1
63,19,5
63,20,3
63,21,5
63,22,1
63,23,2
63,24,3
63,25,2
63,26,3
63,27,1
63,28,2
63,29,5
63,30,5
63,31,2
63,32,1
63,33,3
63,34,4
63,35,4
63,36,4
63,37,2
63,38,3
63,39,4
63,40,5
63,41,4
63,42,4
63,43,5
63,44,5
63,45,5
63,46,3
63,47,5
63,48,3
63,49,5
63,50,5
64,1,5
64,2,3
64,3,1
64,4,3
64,5,5
64,6,5
64,7,1
64,8,5
64,9,4
64,10,3
64,11,3
64,12,1
64,13,1
64,14,1
64,15,4
64,16,4
64,17,3
64,18,5
64,19,1
64,20,5
64,21,2
64,22,2
64,23,1
64,24,3
64,25,5
64,26,1
64,27,3
64,28,2
64,29,2
64,30,5
64,31,1
64,32,3
64,33,5
64,34,2
64,35,2
64,36,2
64,37,4
64,38,3
64,39,2
64,40,1
64,41,4
64,42,5
64,43,1
64,44,2
64,45,4
64,46,5
64,47,2
64,48,4
64,49,4
64,50,2
65,1,5
65,2,2
65,3,2
65,4,1
65,5,5
65,6,3
65,7,1
65,8,5
65,9,4
65,10,2
65,11,1
65,12,5
65,13,5
65,14,5
65,15,3
65,16,2
65,17,3
65,18,3
65,19,3
65,20,2
65,21,4
65,22,5
65,23,4
65,24,3
65,25,1
65,26,3
65,27,2
65,28,2
65,29,2
65,30,4
65,31,2
65,32,4
65,33,5
65,34,5
65,35,2
65,36,4
65,37,5
65,38,5
65,39,5
65,40,5
65,41,2
65,42,1
65,43,5
65,44,2
65,45,2
65,46,1
65,47,5
65,48,4
65,49,2
65,50,1
66,1,1
66,2,3
66,3,2
66,4,5
66,5,4
66,6,2
66,7,4
66,8,5
66,9,1
66,10,5
66,11,4
66,12,1
66,13,4
66,14,1
66,15,5
66,16,1
66,17,4
66,18,4
66,19,4
66,20,2
66,21,4
66,22,4
66,23,3
66,24,5
66,25,2
66,26,2
66,27,4
66,28,2
66,29,2
66,30,1
66,31,5
66,32,5
66,33,4
66,34,1
66,35,5
66,36,2
66,37,3
66,38,5
66,39,5
66,40,4
66,41,2
66,42,3
66,43,1
66,44,5
66,45,3
66,46,2
66,47,2
66,48,2
66,49,3
66,50,4
67,1,5
67,2,3
67,3,2
67,4,3
67,5,3
67,6,4
67,7,4
67,8,2
67,9,5
67,10,4
67,11,4
67,12,4
67,13,2
67,14,5
67,15,2
67,16,4
67,17,3
67,18,2
67,19,1
67,20,1
67,21,1
67,22,4
67,23,3
67,24,1
67,25,5
67,26,5
67,27,5
67,28,4
67,29,4
67,30,5
67,31,1
67,32,5
67,33,5
67,34,5
67,35,2
67,36,4
67,37,1
67,38,5
67,39,2
67,40,1
67,41,3
67,42,3
67,43,4
67,44,3
67,45,2
67,46,5
67,47,5
67,48,1
67,49,2
67,50,5
68,1,5
68,2,2
68,3,2
68,4,5
68,5,1
68,6,2
68,7,1
68,8,3
68,9,3
68,10,3
68,11,4
68,12,3
68,13,2
68,14,4
68,15,1
68,16,1
68,17,2
68,18,1
68,19,3
68,20,2
68,21,2
68,22,1
68,23,1
68,24,2
68,25,4
68,26,2
68,27,3
68,28,3
68,29,4
68,30,4
68,31,1
68,32,3
68,33,1
68,34,1
68,35,1
68,36,3
68,37,5
68,38,1
68,39,1
68,40,3
68,41,2
68,42,5
68,43,5
68,44,5
68,45,5
68,46,3
68,47,5
68,48,3
68,49,1
68,50,2
69,1,3
69,2,2
69,3,2
69,4,2
69,5,2
69,6,5
69,7,4
69,8,5
69,9,1
69,10,2
69,11,5
69,12,2
69,13,5
69,14,3
69,15,5
69,16,4
69,17,4
69,18,1
69,19,5
69,20,5
69,21,1
69,22,1
69,23,4
69,24,3
69,25,5
69,26,2
69,27,2
69,28,2
69,29,3
69,30,2
69,31,2
69,32,3
69,33,1
69,34,3
69,35,5
69,36,2
69,37,3
69,38,1
69,39,3
69,40,1
69,41,5
69,42,2
69,43,5
69,44,1
69,45,2
69,46,2
69,47,5
69,48,2
69,49,4
69,50,4
70,1,2
70,2,3
70,3,2
70,4,2
70,5,5
70,6,3
70,7,2
70,8,1
70,9,5
70,10,1
70,11,3
70,12,3
70,13,1
70,14,5
70,15,3
70,16,5
70,17,5
70,18,1
70,19,4
70,20,1
70,21,2
70,22,3
70,23,5
70,24,5
70,25,2
70,26,3
70,27,1
70,28,4
70,29,3
70,30,5
70,31,1
70,32,1
70,33,5
70,34,4
70,35,1
70,36,1
70,37,4
70,38,2
70,39,3
70,40,1
70,41,4
70,42,4
70,43,5
70,44,1
70,45,5
70,46,2
70,47,1
70,48,4
70,49,2
70,50,4
71,1,4
71,2,5
71,3,2
71,4,2
71,5,1
71,6,4
71,7,2
71,8,4
71,9,4
71,10,5
71,11,2
71,12,3
71,13,1
71,14,2
71,15,1
71,16,3
71,17,5
71,18,1
71,19,2
71,20,1
71,21,5
71,22,4
71,23,2
71,24,5
71,25,3
71,26,1
71,27,5
71,28,2
71,29,3
71,30,5
71,31,1
71,32,4
71,33,3
71,34,2
71,35,3
71,36,1
71,37,1
71,38,1
71,39,3
71,40,1
71,41,3
71,42,2
71,43,1
71,44,2
71,45,2
71,46,2
71,47,1
71,48,1
71,49,1
71,50,3
72,1,2
72,2,1
72,3,1
72,4,2
72,5,5
72,6,5
72,7,2
72,8,2
72,9,5
72,10,3
72,11,4
72,12,1
72,13,2
72,14,5
72,15,3
72,16,4
72,17,3
72,18,5
72,19,1
72,20,2
72,21,1
72,22,3
72,23,3
72,24,1
72,25,3
72,26,5
72,27,3
72,28,3
72,29,5
72,30,5
72,31,3
72,32,3
72,33,2
72,34,5
72,35,3
72,36,2
72,37,1
72,38,4
72,39,4
72,40,4
72,41,2
72,42,5
72,43,3
72,44,5
72,45,2
72,46,2
72,47,3
72,48,3
72,49,3
72,50,4
73,1,3
73,2,3
73,3,3
73,4,2
73,5,4
73,6,4
73,7,1
73,8,4
73,9,1
73,10,5
73,11,2
73,12,4
73,13,5
73,14,4
73,15,3
73,16,2
73,17,3
73,18,1
73,19,5
73,20,2
73,21,3
73,22,1
73,23,5
73,24,3
73,25,5
73,26,1
73,27,2
73,28,5
73,29,5
73,30,1
73,31,1
73,32,3
73,33,2
73,34,2
73,35,4
73,36,1
73,37,2
73,38,3
73,39,1
73,40,4
73,41,2
73,42,3
73,43,2
73,44,2
73,45,1
73,46,1
73,47,3
73,48,1
73,49,1
73,50,2
74,1,1
74,2,1
74,3,1
74,4,1
74,5,5
74,6,3
74,7,3
74,8,1
74,9,3
74,10,1
74,11,1
74,12,4
74,13,3
74,14,4
74,15,4
74,16,5
74,17,3
74,18,5
74,19,1
74,20,1
74,21,1
74,22,4
74,23,3
74,24,5
74,25,4
74,26,2
74,27,3
74,28,3
74,29,5
74,30,4
74,31,1
74,32,3
74,33,5
74,34,4
74,35,4
74,36,3
74,37,1
74,38,1
74,39,2
74,40,3
74,41,3
74,42,4
74,43,4
74,44,4
74,45,5
74,46,1
74,47,5
74,48,1
74,49,2
74,50,2
75,1,4
75,2,2
75,3,3
75,4,5
75,5,4
75,6,1
75,7,2
75,8,2
75,9,1
75,10,4
75,11,5
75,12,2
75,13,1
75,14,1
75,15,5
75,16,3
75,17,4
75,18,1
75,19,5
75,20,3
75,21,4
75,22,1
75,23,1
75,24,1
75,25,3
75,26,1
75,27,1
75,28,5
75,29,4
75,30,5
75,31,3
75,32,4
75,33,1
75,34,1
75,35,5
75,36,3
75,37,3
75,38,2
75,39,2
75,40,3
75,41,4
75,42,4
75,43,3
75,44,4
75,45,4
75,46,1
75,47,1
75,48,1
75,49,3
75,50,4
76,1,1
76,2,5
76,3,5
76,4,4
76,5,3
76,6,5
76,7,2
76,8,5
76,9,2
76,10,2
76,11,5
76,12,1
76,13,5
76,14,5
76,15,2
76,16,4
76,17,1
76,18,1
76,19,3
76,20,1
76,21,5
76,22,1
76,23,4
76,24,5
76,25,5
76,26,3
76,27,1
76,28,2
76,29,4
76,30,4
76,31,2
76,32,2
76,33,4
76,34,5
76,35,1
76,36,4
76,37,4
76,38,2
76,39,5
76,40,1
76,41,2
76,42,1
76,43,5
76,44,4
76,45,1
76,46,4
76,47,3
76,48,4
76,49,2
76,50,3
77,1,2
77,2,2
77,3,5
77,4,2
77,5,2
77,6,4
77,7,4
77,8,4
77,9,4
77,10,5
77,11,2
77,12,1
77,13,1
77,14,4
77,15,1
77,16,4
77,17,2
77,18,2
77,19,3
77,20,2
77,21,4
77,22,2
77,23,3
77,24,4
77,25,4
77,26,2
77,27,2
77,28,1
77,29,4
77,30,4
77,31,5
77,32,5
77,33,3
77,34,5
77,35,5
77,36,4
77,37,2
77,38,4
77,39,5
77,40,4
77,41,4
77,42,3
77,43,3
77,44,2
77,45,5
77,46,3
77,47,1
77,48,3
77,49,1
77,50,1
78,1,3
78,2,5
78,3,3
78,4,4
78,5,1
78,6,3
78,7,1
78,8,1
78,9,1
78,10,2
78,11,4
78,12,2
78,13,4
78,14,1
78,15,1
78,16,1
78,17,5
78,18,2
78,19,2
78,20,1
78,21,3
78,22,4
78,23,3
78,24,3
78,25,3
78,26,2
78,27,3
78,28,3
78,29,1
78,30,4
78,31,2
78,32,4
78,33,5
78,34,5
78,35,3
78,36,5
78,37,3
78,38,1
78,39,1
78,40,5
78,41,4
78,42,1
78,43,1
78,44,4
78,45,3
78,46,4
78,47,1
78,48,4
78,49,4
78,50,1
79,1,5
79,2,3
79,3,3
79,4,3
79,5,3
79,6,3
79,7,5
79,8,5
79,9,2
79,10,5
79,11,2
79,12,3
79,13,1
79,14,4
79,15,1
79,16,4
79,17,2
79,18,2
79,19,2
79,20,3
79,21,2
79,22,2
79,23,4
79,24,2
79,25,4
79,26,1
79,27,1
79,28,5
79,29,1
79,30,4
79,31,4
79,32,4
79,33,5
79,34,5
79,35,5
79,36,4
79,37,4
79,38,4
79,39,5
79,40,3
79,41,2
79,42,2
79,43,1
79,44,4
79,45,2
79,46,3
79,47,4
79,48,4
79,49,4
79,50,1
80,1,5
80,2,1
80,3,2
80,4,3
80,5,2
80,6,4
80,7,1
80,8,5
80,9,5
80,10,4
80,11,1
80,12,2
80,13,5
80,14,5
80,15,2
80,16,4
80,17,2
80,18,5
80,19,1
80,20,5
80,21,2
80,22,3
80,23,2
80,24,3
80,25,3
80,26,3
80,27,3
80,28,4
80,29,4
80,30,4
80,31,1
80,32,3
80,33,2
80,34,2
80,35,5
80,36,1
80,37,4
80,38,2
80,39,5
80,40,5
80,41,2
80,42,2
80,43,1
80,44,2
80,45,5
80,46,1
80,47,1
80,48,4
80,49,4
80,50,3
81,1,3
81,2,3
81,3,2
81,4,1
81,5,4
81,6,1
81,7,2
81,8,4
81,9,3
81,10,4
81,11,2
81,12,5
81,13,2
81,14,5
81,15,4
81,16,3
81,17,2
81,18,5
81,19,5
81,20,1
81,21,3
81,22,4
81,23,4
81,24,5
81,25,4
81,26,4
81,27,1
81,28,1
81,29,4
81,30,5
81,31,1
81,32,1
81,33,3
81,34,2
81,35,3
81,36,4
81,37,2
81,38,3
81,39,2
81,40,5
81,41,2
81,42,5
81,43,4
81,44,2
81,45,3
81,46,5
81,47,3
81,48,2
81,49,5
81,50,1
82,1,1
82,2,2
82,3,1
82,4,2
82,5,4
82,6,5
82,7,3
82,8,5
82,9,5
82,10,4
82,11,3
82,12,2
82,13,5
82,14,5
82,15,4
82,16,4
82,17,4
82,18,5
82,19,5
82,20,3
82,21,4
82,22,4
82,23,3
82,24,2
82,25,1
82,26,4
82,27,3
82,28,5
82,29,5
82,30,2
82,31,5
82,32,3
82,33,5
82,34,2
82,35,1
82,36,2
82,37,1
82,38,4
82,39,5
82,40,5
82,41,4
82,42,2
82,43,4
82,44,4
82,45,2
82,46,5
82,47,3
82,48,2
82,49,2
82,50,1
83,1,4
83,2,5
83,3,4
83,4,1
83,5,5
83,6,5
83,7,3
83,8,1
83,9,4
83,10,1
83,11,3
83,12,2
83,13,2
83,14,2
83,15,4
83,16,2
83,17,3
83,18,2
83,19,5
83,20,4
83,21,5
83,22,1
83,23,2
83,24,2
83,25,4
83,26,1
83,27,4
83,28,4
83,29,5
83,30,1
83,31,5
83,32,4
83,33,4
83,34,1
83,35,2
83,36,3
83,37,2
83,38,3
83,39,5
83,40,4
83,41,5
83,42,5
83,43,5
83,44,3
83,45,2
83,46,1
83,47,4
83,48,5
83,49,2
83,50,5
84,1,1
84,2,3
84,3,2
84,4,1
84,5,4
84,6,4
84,7,2
84,8,3
84,9,1
84,10,1
84,11,3
84,12,4
84,13,2
84,14,4
84,15,1
84,16,3
84,17,3
84,18,4
84,19,5
84,20,4
84,21,2
84,22,5
84,23,1
84,24,1
84,25,1
84,26,1
84,27,5
84,28,1
84,29,3
84,30,4
84,31,3
84,32,2
84,33,1
84,34,3
84,35,3
84,36,3
84,37,4
84,38,3
84,39,3
84,40,5
84,41,3
84,42,2
84,43,4
84,44,5
84,45,1
84,46,4
84,47,4
84,48,1
84,49,3
84,50,3
85,1,1
85,2,5
85,3,2
85,4,5
85,5,5
85,6,4
85,7,1
85,8,3
85,9,3
85,10,4
85,11,4
85,12,3
85,13,4
85,14,2
85,15,5
85,16,5
85,17,4
85,18,1
85,19,1
85,20,4
85,21,3
85,22,2
85,23,5
85,24,4
85,25,3
85,26,2
85,27,4
85,28,5
85,29,4
85,30,4
85,31,3
85,32,3
85,33,4
85,34,1
85,35,5
85,36,5
85,37,4
85,38,3
85,39,4
85,40,3
85,41,2
85,42,3
85,43,4
85,44,1
85,45,5
85,46,5
85,47,2
85,48,1
85,49,3
85,50,4
86,1,1
86,2,4
86,3,5
86,4,2
86,5,2
86,6,3
86,7,2
86,8,2
86,9,1
86,10,1
86,11,3
86,12,3
86,13,2
86,14,4
86,15,2
86,16,4
86,17,5
86,18,5
86,19,1
86,20,2
86,21,5
86,22,2
86,23,5
86,24,1
86,25,1
86,26,4
86,27,5
86,28,4
86,29,1
86,30,2
86,31,3
86,32,4
86,33,2
86,34,3
86,35,3
86,36,3
86,37,4
86,38,3
86,39,1
86,40,3
86,41,3
86,42,1
86,43,4
86,44,2
86,45,4
86,46,2
86,47,2
86,48,2
86,49,3
86,50,1
87,1,5
87,2,4
87,3,4
87,4,2
87,5,2
87,6,4
87,7,1
87,8,1
87,9,5
87,10,1
87,11,2
87,12,1
87,13,3
87,14,2
87,15,3
87,16,2
87,17,1
87,18,1
87,19,4
87,20,1
87,21,5
87,22,3
87,23,3
87,24,4
87,25,1
87,26,2
87,27,4
87,28,2
87,29,5
87,30,3
87,31,2
87,32,2
87,33,1
87,34,5
87,35,4
87,36,5
87,37,1
87,38,2
87,39,1
87,40,5
87,41,2
87,42,1
87,43,3
87,44,5
87,45,3
87,46,5
87,47,5
87,48,1
87,49,2
87,50,5
88,1,1
88,2,4
88,3,5
88,4,2
88,5,2
88,6,3
88,7,3
88,8,2
88,9,3
88,10,5
88,11,5
88,12,1
88,13,1
88,14,4
88,15,3
88,16,2
88,17,2
88,18,5
88,19,3
88,20,4
88,21,3
88,22,4
88,23,1
88,24,3
88,25,5
88,26,3
88,27,3
88,28,2
88,29,5
88,30,5
88,31,2
88,32,5
88,33,1
88,34,2
88,35,2
88,36,2
88,37,1
88,38,5
88,39,2
88,40,5
88,41,4
88,42,3
88,43,1
88,44,2
88,45,5
88,46,3
88,47,3
88,48,1
88,49,5
88,50,3
89,1,1
89,2,5
89,3,4
89,4,1
89,5,4
89,6,1
89,7,4
89,8,5
89,9,1
89,10,1
89,11,3
89,12,1
89,13,2
89,14,1
89,15,3
89,16,5
89,17,4
89,18,4
89,19,3
89,20,2
89,21,3
89,22,5
89,23,1
89,24,1
89,25,4
89,26,5
89,27,4
89,28,3
89,29,2
89,30,1
89,31,2
89,32,4
89,33,3
89,34,3
89,35,2
89,36,4
89,37,1
89,38,3
89,39,2
89,40,1
89,41,5
89,42,4
89,43,4
89,44,2
89,45,2
89,46,1
89,47,3
89,48,3
89,49,2
89,50,1
90,1,1
90,2,4
90,3,4
90,4,1
90,5,2
90,6,3
90,7,3
90,8,3
90,9,3
90,10,2
90,11,5
90,12,2
90,13,1
90,14,1
90,15,4
90,16,1
90,17,1
90,18,2
90,19,3
90,20,4
90,21,3
90,22,4
90,23,1
90,24,1
90,25,4
90,26,5
90,27,2
90,28,4
90,29,4
90,30,4
90,31,4
90,32,5
90,33,4
90,34,3
90,35,1
90,36,5
90,37,1
90,38,4
90,39,3
90,40,3
90,41,2
90,42,5
90,43,3
90,44,2
90,45,4
90,46,3
90,47,5
90,48,2
90,49,1
90,50,1
91,1,3
91,2,3
91,3,2
91,4,2
91,5,3
91,6,2
91,7,3
91,8,3
91,9,5
91,10,4
91,11,4
91,12,4
91,13,5
91,14,4
91,15,3
91,16,5
91,17,2
91,18,4
91,19,2
91,20,2
91,21,3
91,22,2
91,23,5
91,24,3
91,25,5
91,26,2
91,27,5
91,28,1
91,29,1
91,30,5
91,31,2
91,32,5
91,33,4
91,34,1
91,35,3
91,36,2
91,37,4
91,38,2
91,39,3
91,40,2
91,41,5
91,42,5
91,43,2
91,44,4
91,45,2
91,46,4
91,47,1
91,48,1
91,49,4
91,50,4
92,1,2
92,2,1
92,3,3
92,4,3
92,5,2
92,6,4
92,7,2
92,8,1
92,9,2
92,10,2
92,11,1
92,12,5
92,13,1
92,14,3
92,15,2
92,16,3
92,17,1
92,18,5
92,19,2
92,20,2
92,21,3
92,22,5
92,23,4
92,24,3
92,25,4
92,26,5
92,27,4
92,28,4
92,29,1
92,30,5
92,31,2
92,32,2
92,33,1
92,34,5
92,35,4
92,36,2
92,37,3
92,38,3
92,39,1
92,40,5
92,41,5
92,42,3
92,43,3
92,44,4
92,45,3
92,46,2
92,47,4
92,48,4
92,49,3
92,50,2
93,1,3
93,2,1
93,3,5
93,4,4
93,5,5
93,6,2
93,7,3
93,8,1
93,9,2
93,10,3
93,11,5
93,12,2
93,13,3
93,14,2
93,15,3
93,16,3
93,17,3
93,18,2
93,19,2
93,20,4
93,21,4
93,22,1
93,23,4
93,24,5
93,25,5
93,26,2
93,27,3
93,28,4
93,29,1
93,30,5
93,31,3
93,32,4
93,33,5
93,34,4
93,35,4
93,36,5
93,37,1
93,38,3
93,39,5
93,40,4
93,41,5
93,42,4
93,43,1
93,44,4
93,45,3
93,46,1
93,47,4
93,48,2
93,49,4
93,50,4
94,1,5
94,2,5
94,3,5
94,4,2
94,5,5
94,6,2
94,7,5
94,8,5
94,9,1
94,10,1
94,11,5
94,12,4
94,13,1
94,14,3
94,15,3
94,16,3
94,17,1
94,18,2
94,19,1
94,20,5
94,21,1
94,22,1
94,23,1
94,24,1
94,25,1
94,26,1
94,27,1
94,28,4
94,29,3
94,30,3
94,31,4
94,32,2
94,33,4
94,34,5
94,35,5
94,36,1
94,37,5
94,38,4
94,39,1
94,40,1
94,41,2
94,42,5
94,43,5
94,44,5
94,45,5
94,46,4
94,47,5
94,48,4
94,49,3
94,50,1
95,1,4
95,2,4
95,3,1
95,4,3
95,5,5
95,6,2
95,7,3
95,8,1
95,9,5
95,10,2
95,11,4
95,12,1
95,13,3
95,14,3
95,15,4
95,16,3
95,17,4
95,18,3
95,19,4
95,20,1
95,21,2
95,22,4
95,23,3
95,24,3
95,25,5
95,26,4
95,27,1
95,28,4
95,29,4
95,30,4
95,31,5
95,32,3
95,33,2
95,34,2
95,35,4
95,36,4
95,37,2
95,38,3
95,39,3
95,40,1
95,41,3
95,42,2
95,43,3
95,44,1
95,45,5
95,46,3
95,47,3
95,48,3
95,49,4
95,50,5
96,1,4
96,2,5
96,3,2
96,4,4
96,5,5
96,6,4
96,7,4
96,8,3
96,9,4
96,10,1
96,11,2
96,12,5
96,13,3
96,14,1
96,15,1
96,16,2
96,17,5
96,18,3
96,19,1
96,20,5
96,21,4
96,22,2
96,23,3
96,24,1
96,25,1
96,26,5
96,27,4
96,28,4
96,29,2
96,30,4
96,31,3
96,32,4
96,33,4
96,34,4
96,35,4
96,36,3
96,37,3
96,38,5
96,39,4
96,40,3
96,41,2
96,42,3
96,43,2
96,44,4
96,45,1
96,46,4
96,47,3
96,48,3
96,49,2
96,50,5
97,1,1
97,2,1
97,3,1
97,4,2
97,5,5
97,6,1
97,7,2
97,8,2
97,9,5
97,10,4
97,11,1
97,12,5
97,13,4
97,14,2
97,15,3
97,16,5
97,17,2
97,18,2
97,19,5
97,20,3
97,21,5
97,22,5
97,23,5
97,24,5
97,25,3
97,26,4
97,27,2
97,28,2
97,29,4
97,30,4
97,31,5
97,32,3
97,33,2
97,34,1
97,35,5
97,36,1
97,37,5
97,38,4
97,39,4
97,40,3
97,41,3
97,42,3
97,43,4
97,44,4
97,45,2
97,46,4
97,47,5
97,48,1
97,49,5
97,50,5
98,1,2
98,2,3
98,3,3
98,4,5
98,5,5
98,6,3
98,7,2
98,8,5
98,9,5
98,10,4
98,11,1
98,12,2
98,13,2
98,14,5
98,15,2
98,16,3
98,17,5
98,18,3
98,19,1
98,20,4
98,21,5
98,22,4
98,23,2
98,24,1
98,25,2
98,26,5
98,27,5
98,28,5
98,29,3
98,30,4
98,31,2
98,32,2
98,33,5
98,34,2
98,35,5
98,36,1
98,37,4
98,38,2
98,39,4
98,40,1
98,41,5
98,42,1
98,43,5
98,44,3
98,45,1
98,46,3
98,47,4
98,48,4
98,49,3
98,50,5
99,1,1
99,2,4
99,3,3
99,4,3
99,5,3
99,6,1
99,7,2
99,8,2
99,9,5
99,10,3
99,11,2
99,12,2
99,13,4
99,14,3
99,15,4
99,16,2
99,17,3
99,18,5
99,19,2
99,20,4
99,21,1
99,22,3
99,23,3
99,24,4
99,25,1
99,26,1
99,27,1
99,28,1
99,29,2
99,30,3
99,31,2
99,32,5
99,33,5
99,34,4
99,35,2
99,36,2
99,37,4
99,38,2
99,39,3
99,40,2
99,41,4
99,42,5
99,43,5
99,44,4
99,45,3
99,46,4
99,47,1
99,48,5
99,49,2
99,50,4
100,1,4
100,2,4
100,3,3
100,4,5
100,5,1
100,6,2
100,7,4
100,8,1
100,9,5
100,10,2
100,11,4
100,12,1
100,13,5
100,14,4
100,15,1
100,16,4
100,17,2
100,18,1
100,19,1
100,20,5
100,21,1
100,22,1
100,23,5
100,24,5
100,25,5
100,26,2
100,27,1
100,28,1
100,29,5
100,30,5
100,31,2
100,32,2
100,33,3
100,34,2
100,35,4
100,36,4
100,37,5
100,38,3
100,39,2
100,40,3
100,41,1
100,42,2
100,43,1
100,44,1
100,45,3
100,46,1
100,47,4
100,48,5
100,49,4
100,50,2
